TDSFU Daily run: Mon Oct 27 17:35:24 UTC 2025 TDSFU
TDSFU Daily run: Tue Oct 28 04:34:27 UTC 2025 TDSFU
TDSFU Daily run: Wed Oct 29 04:39:36 UTC 2025 TDSFU
TDSFU Daily run: Thu Oct 30 04:34:29 UTC 2025 TDSFU
TDSFU Daily run: Fri Oct 31 04:36:06 UTC 2025 TDSFU
TDSFU Daily run: Sat Nov  1 04:32:04 UTC 2025 TDSFU
TDSFU Daily run: Sun Nov  2 04:34:40 UTC 2025 TDSFU
TDSFU Daily run: Mon Nov  3 04:40:30 UTC 2025 TDSFU
TDSFU Daily run: Tue Nov  4 04:34:45 UTC 2025 TDSFU
TDSFU Daily run: Wed Nov  5 04:35:25 UTC 2025 TDSFU
TDSFU Daily run: Thu Nov  6 04:39:50 UTC 2025 TDSFU
